link,message,postClickMessage,imageSet,email,Group,Attending,Calendar
https://stemira.org,Visit the STEM Interdisciplinary Rams Alliance Booth to fill out a postcard to protect the TRIO program. https://stemira.org,Visit the STEM Interdisciplinary Rams Alliance Booth to fill out a postcard to protect the TRIO program. https://stemira.org,stemira,Stem_ira@colostate.edu,STEM Interdisciplinary Rams Alliance,1,
https://aaupcsu.org,"Visit the AAUP-CSU Booth to complete a postcard asking the Colorado State System Board of Governors to respect shared governance and support our faculty, staff, and students! Visit www.aaupcsu.org for more information.","Visit the AAUP-CSU Booth to complete a postcard asking the Colorado State System Board of Governors to respect shared governance and support our faculty, staff, and students! Visit https://aaupcsu.org for more information.",aaup,aaupcsu@gmail.com,American Association of University Professors - CSU,1,
https://www.lwv-larimercounty.org/  ,Please visit the League of Women Voters-Larimer County table and pick up a Vote411 bookmark and check your voter registration. Learn more about our current efforts at https://www.lwv-larimercounty.org/  ,Thank you for being a voter in every election and encouraging friends to vote as well! Learn more about our efforts at https://www.lwv-larimercounty.org/  ,lwv,jtorreyschultz@gmail.com,"League of Women Voters, Larmier County",1,
https://SplashNoCo.org,"SPLASH Youth of Northern Colorado is a youth-driven nonprofit creating spaces where young people can truly belong, connect, and thrive. Through our drop-in center, leadership programs, creative opportunities, and housing support, we show up for LGBTQIA+ youth and young adults with real connection, resources, and community. Stop by to meet us, learn what we’re building, and find ways to get involved — whether that’s volunteering, partnering, or just finding your people.",Thank you for stopping by and connecting with us! Learn more about our work and how to get involved at https://SplashNoCo.org,splash,kimberly@splashnoco.org,SPLASH NoCo,1,
https://pflagfortcollins.org,"PFLAG Fort Collins' mission is to create a caring, just, and affirming world for LGBTQ+ people and those who love them. To find out more, stop by our table, or visit us at https://www.pflagfortcollins.org. ",Thank you for caring enough to stop by our table or scan our QR code today! Find out more about PFLAG Fort Collins at ww.pflagfortcollins.org.,pflag,president@pflagfortcollins.org,PFLAG Fort Collins,1,
https://www.podernoco.com/,PODER is organizing our community to defend people facing deportation in Northern Colorado. Stop by our table to learn more or make a donation to support local immigrant legal defense. Learn more at https://podernoco.com/,Thank you for visiting the PODER table to learn more or make a donation to support local immigrant legal defense. Learn more at https://podernoco.com/,poder,info@podernoco.com,PODER,1,
https://www.notesofdissent.org/,"If you are interested in MAKING SOME NOISE with us, reach out! It doesn't matter if you:  *Still play regularly *Haven't touched your instrument since high school *Can’t march *Don’t have an instrument! If you want to join us, we’re excited to have you! Loaner instruments available. https://www.notesofdissent.org/",Mission: To amplify the voices of marginalized communities and activist organizations in the fight against fascism and government oppression. Wanna dust off your old instrument and help us fight fascism with music? Check out our website for rehearsal schedules and Discord discussion. https://notesofdissent.org/contact,nodmb,alexandra.valtakis@gmail.com,Notes of Dissent,1,
https://NoCo4Palestine.com,Come to the NoCo4Palestine and Jewish Voice for Peace table to learn how you can help build local solidarity for Palestine and support local businesses to do the same. https://NoCo4Palestine.com and  https://www.instagram.com/noco.jvp/,Thank you for your interest in NoCo4Palestine and Jewish Voice for Peace. Visit https://NoCo4Palestine.com and https://www.instagram.com/noco.jvp/ to support efforts to build local solidarity for Palestine and to support local businesses that do the same.,noco4p,noco4palestine@proton.me,NoCo4Palestine,1,noco4palestine@gmail.com
https://treeswaterpeople.org/,"Come visit the Trees, Water, People booth to learn more about our emissions reduction program! With a simple subscription you can offset your household carbon footprint and help improve the health of families in Central America with our Clean Cookstoves project. https://treeswaterpeople.org/",Thank you for visiting the Trees Water People table. Check out our carbon offset program at https://twp.org/untonne,twp,henry@twp.org,Trees Water People,1,
https://momsdemandaction.org/about/chapters/,Visit the Moms Demand Action table to learn about joining the movement to stop gun violence and create safer communities! Not just for moms - anyone welcome! https://momsdemandaction.org/about/chapters/,Thank you for visiting Mons Demand action.  Visit us online at https://momsdemandaction.org/about/chapters/ to learn more about our efforts to stop gun violence in our communitiy.,mda,lizbennett.co@gmail.com,Moms Demand Action,1,
https://aflcio.org/, Visit the AFL-CIO table and learn more about our efforts to engage with CO state legislature to remove obstacles that prevent unions from supporting Colorado workers. Learn more at https://aflcio.org/,Thank you for visiting the AFL-CIO table. Make sure to write to Gov. Polis and your state representative and ask them to support bill HB26-1005 to remove unnecessary barriers to worker protections and collective bargaining in Colorado. Learn more at https://aflcio.org/,aflcio,KCAFFREY98@AOL.COM,AFL-CIO,1,
https://protectcoloradosfuture.com/,"Stop by Protect Colorado's Future's table to sign our petition, to get a graduated income tax measure put on the November's ballot. Protect important services like education, healthcare, child care and make a fairer tax system. Learn more at https://protectcoloradosfuture.com/",Thank you for stopping by Protect Colorado's Future table. Learn more at https://protectcoloradosfuture.com/,pcf,djanderson17@gmail.com,Protect Colorado's Future,1,
Planned Parenthood,Visit the Planned Parenthood of the Rocky Mountains table and sign up for our newsleter. ,Thank you for visiting the Planned Parenthood of the Rocky Mountains table.,pp,gerardo.avellaneda@pprm.org,Planned Parenthood of the Rocky Mountains,1,
Postcards,Come to the Postcards and Tea table and pick up a postcard writing packet. ,Thank you for visiting the Postcards and Tea table!,pct,Pahill323@gmail.com,Postcards and Tea,1,
IndivisibleNoCo,Come to the IndivisibleNoCo Table and join our newsletter.,Thank you for visiting IndivisibleNoCo. It is easy to get involved with IndivisibleNOCO and take action to protect our democracy. Learn more at https://www.indivisiblenoco.com/about,indnoco,none,IndivisibleNoCo,1,8f1fa3af86bcb9f07d69fa8d5647b3b1c2d8aa07c2d48ae3274f2c4b7b261c8a%40group.calendar.google.com
https://dsafc.org/,Join our chapter and build power for the working class across Northern Colorado. Find our events on our calendar at https://nocodsa.org,Thank you for your interest in DSA Fort Collins. Join DSA at https://act.dsausa.org/donate/membership/,dsa,Johnhramstead@gmail.com,DSA Fort Collins,1,dsafortcollins@gmail.com
https://www.partnersforpeacefc.org/,,Thank you for visiting the Partners for Peace table.  https://www.partnersforpeacefc.org/,p4p,seklein4@gmail.com,Partners for Peace,1,
Indivisible Timnath,Come to the Indivisible Timnath Table and join our newsletter.,Thank you for visiting Indivisible Timnath.,indivisible,bkurth7@gmail.com,Indivisible Timnath,1,
https://www.coloradowins.org,Come visit the COWINS Local 1876 table and learn how you can support the union members who make Colorado run! Visit https://ColoradoWINS.org for more information.,"Thank you for visiting with your State Employees' Union, COWINS Local 1876. Learn more at https://coloradowins.org/",cowins,epiller@cowins.org,COWINS,1,
https://poudreea.org/ ,Visit the Poudre EA booth to talk to local educators about our public schools and learn about our efforts to fully fund our students and build an accessible thriving system for working families in Fort Collins!  Visit https://poudreea.org/ for more information! ,Glad to have you in the movement for public schools and working families. Stay connected and join us this spring to build solidarity and the future our students deserve! Learn more about our funding efforts here: https://coloradoea.org/cut-the-ropes/ ,pea,wendybergman35@gmail.com,Poudre Education Association,1,
https://www.theiriscenter.org/,Visit The Iris Center table. Learn more about our efforts at: https://www.theiriscenter.org/,Thank you for visiting us at The Iris Center. Learn more about our efforts at: https://www.theiriscenter.org/,iris,adubois@theiriscenter.org,The Iris Center,1,
https://nocoprivacy.org,"The Northern Colorado Privacy Coalition is fighting for the peoples’ right to privacy and resists mass-surveillance in Northern Colorado, currently working to increase transparency of Flock Surveillance cameras in Fort Collins. Visit our website https://nocoprivacy.org or booth to find out about our upcoming petition effort! ","Thank you for visiting the Northern Colorado Privacy Coalition table. We fighting for the peoples’ right to privacy and resists mass-surveillance in Northern Colorado, currently working to increase transparency of Flock Surveillance cameras in Fort Collins. Visit our website https://nocoprivacy.org or booth to find out about our upcoming petition effort! ",ncpc,nocoprivacy@proton.me,The NoCo Privacy Coalition,1,
https://couniversalhealth.org,"Larimer County Healthcare Action is a sector of Colorado Foundation for Universal Healthcare working toward simple guaranteed healthcare for all, for life. Learn more at https://couniversalhealth.org","Thank you for visiting, learn more at https://couniversalhealth.org",lcha,ebranjord@yahoo.com,Larimer County Healthcare Action,1,
https://dsafc.solidarity.tech/solidarity-melts-ice,"Stop by NOCO DSA: Immigration Rights table, and learn about the various bills we're trying to pass in Colorado. Find more information at https://dsafc.solidarity.tech/solidarity-melts-ice",Thank you for stopping by the NOCO DSA: Immigration Rights table! Learn more about us at https://dsafc.solidarity.tech/solidarity-melts-ice,dsair,lopsel225@gmail.com,NOCO DSA: Immigration Rights,1,